security_id,previous_side,current_side,change,ticker,name,current_composite,current_weight
425,,LONG,ENTER LONG,NTAP.OQ,NTAP.OQ,1.3909463798043067,0.02
503,,LONG,ENTER LONG,RVTY.N,RVTY.N,1.3351220182536088,0.02
57,,LONG,ENTER LONG,AVGO.OQ,AVGO.OQ,1.3236535598842012,0.02
329,,SHORT,ENTER SHORT,KDP.OQ,KDP.OQ,-0.5634827255176639,-0.02
637,,SHORT,ENTER SHORT,ZTS.N,ZTS.N,-0.5648611070659755,-0.02
79,,SHORT,ENTER SHORT,BLDR.N,BLDR.N,-0.5717935289288965,-0.02
497,,SHORT,ENTER SHORT,ROL.N,ROL.N,-0.5890181594403734,-0.02
351,,SHORT,ENTER SHORT,LII.N,LII.N,-0.6137711925225663,-0.02
100,LONG,,EXIT LONG,CCL.N,CCL.N,1.2970770192753236,0.0
441,LONG,,EXIT LONG,ORCL.N,ORCL.N,1.2643806078087079,0.0
70,LONG,,EXIT LONG,BE.N,BE.N,1.1328930169373732,0.0
58,SHORT,,EXIT SHORT,AVY.N,AVY.N,-0.5497207696852013,0.0
176,SHORT,,EXIT SHORT,DOV.N,DOV.N,-0.5516405144476331,0.0
577,SHORT,,EXIT SHORT,UPS.N,UPS.N,-0.5524604429315964,0.0
187,SHORT,,EXIT SHORT,DXCM.OQ,DXCM.OQ,-0.5561303546795766,0.0
257,SHORT,,EXIT SHORT,GILD.OQ,GILD.OQ,-0.5601619831121503,0.0
